,store,sido-gu,address,phone
0,부천심곡점,경기 부천시 소사구,경기도 부천시 장말로 376 심곡동 355-1,032-612-7258
1,성남터미널점,경기 성남시 분당구,"경기도 성남시 분당구 성남대로925번길 16, 성남종합버스터미널 1층",031-725-1004
2,부산백양대로점,부산 사상구,괘법동 141,051-311-5399
3,왕십리역점,서울 성동구,"성동구 왕십리광장로 17 (행당동 168-151 ), 비트플렉스몰 3층",02-2200-1303
4,홍대출판사거리점,서울 마포구,"서울시 마포구 독막로7길 40, 1층",02-332-3567
5,간석오거리점,인천 남동구,,032-425-0915
6,위례중앙점,경기 성남시 수정구,,031-755-5064
7,수유사거리점,서울 강북구,서울시 강북구 도봉로 82길 11 (2~4층),070-5226-1999
8,하남덕풍점,경기 하남시,덕풍북로 2,031-792-9389
9,전경련회관점,서울 영등포구,서울시 영등포구 여의도동 28-1 전경련신축회관 B109-11,02-786-3485
10,대전만년점,대전 서구,"대전 서구 둔산대로117번길 95(만년동, 리더스타운)",
11,대전탄방점,대전 서구,대전 서구 계룡로571번길 23-19,042-482-8425
12,신월사거리점,서울 양천구,"가로공원로 113, 1층",02-2606-5040
13,양산부산대병원치과동점,경남 양산시,물금읍 금오로 20 양산부산대학교병원 치과병동 1층,070-4442-0608
14,양산부산대병원본점,경남 양산시,"물금읍 금오로 20, 양산부산대학교병원 중앙진료동 1층",055-362-4582
15,대전역점,대전 동구,"대전 동구 중앙로 215, 3층 대합실",
16,화성융건릉점,경기 화성시,경기도 화성시 효행로 501-3,031-224-6999
17,커피클럽 선릉역점,서울 강남구,서울특별시 강남구 테헤란로 325 1층,02-6196-7935
18,(하)선산휴게소점,경북 구미시,경상북도 구미시 옥성면 중부내륙고속도로 128,
19,진해속천점,경남 창원시 진해구,경남 창원시 진해구 태평로 132,055-547-9777
20,천안신부점,충남 천안시 동남구,"충남 천안시 동남구 만남로 26 대영빌딩 4,5층",041-566-5085
21,양주옥정점,경기 양주시,경기도 양주시 옥정동 963-6,
22,서초마제스타시티점,서울 서초구,"서초대로38길 12, 1층",02-6411-0063
23,부산명륜역점,부산 동래구,"부산광역시 동래구 온천장로5, 1층",051-557-7811
24,대전은행본점,대전 중구,대전 중구 대흥동 153-1,042-222-3288
25,구리수택점,경기 구리시,"경기도 구리시 검배로 73, 할리스커피",031-551-0988
26,진주평거점,경남 진주시,경상남도 진주시 진양호로 46,055-745-9633
27,할리스커피 울산시청점,울산 남구,"삼산로 60, 1층(신정동)",070-7733-7108
28,부산대학교병원1호점,부산 서구,"부산광역시 서구 구덕로 179, 융합동 ",051-231-9647
29,종로5가점,서울 종로구,동호로 401,02-2266-1989
30,서전주DT점,전북 전주시 완산구,전북 전주시 완산구 콩쥐팥쥐로 1713,063-901-0802
31,아주대병원점,경기 수원시 영통구,"경기도 수원시 영통구 월드컵로 164, 아주대학교병원 본관 1층",031-211-5718
32,부산대학교병원2호점,부산 서구,부산광역시 서구 구덕로 179  C동,051-231-9476
33,난곡사거리점,서울 관악구,서울시 관악구 신림동 526-13,02-865-0012
34,부산덕천점,부산 북구,"부산 북구 덕천 1길 21, 1층",051-342-8835
35,다산지금점,경기 남양주시,경기도 남양주시 다산중앙로 82번안길 143-15,070-7778-2409
36,종로DGB점,서울 중구,서울시 중구 다동85 다동빌딩 1층,02-310-9315
37,부평로데오점,인천 부평구,인천광역시 부평구 부평동 193-19 인일메트로 빌딩 1~3층 ,032-505-7130
38,인덕원점,경기 안양시 동안구,"경기도 안양시 동안구 관악대로 480, 101호",031-426-1800
39,대구반야월점,대구 동구,안심로255,053-961-7007
40,용인명지대점,경기 용인시 처인구,경기도 용인시 처인구 명지로116번길 24-2,031-335-9095
41,여의도파이낸스타워점,서울 영등포구,서울특별시 영등포구 국제금융로 2길 32,02-761-3154
42,전북김제점,전북 김제시,전라북도 김제시 검산택지5길 21-10 1층,063-547-9600
43,상남중앙점,경남 창원시 성산구,상남동 25,055-261-5925
44,커피클럽 센터포인트점,서울 종로구,종로구 새문안로5길 31 센터포인트 광화문빌딩 1F,02-6031-6213
45,서울대병원점,서울 종로구,종로구 대학로 101 서울대학교병원 본관 1F,02-741-5815
46,구로디지털 뉴스테이점,서울 영등포구,"시흥대로 595, 105호",070-7547-4100
47,부산명륜자이점,부산 동래구, 부산광역시 동래구 동래로 77,051-554-1001
48,충남도청점,충남 홍성군,충청남도 홍성군 홍북읍 신경리 553,041-631-4725
49,홍대입구역점,서울 마포구,서울시 마포구 양화로 151 1층,02-322-3584
50,전남장흥점,전남 장흥군,전라남도 장흥군 장흥읍 북부로 18,061-862-0119
51,낙산해수욕장점,강원 양양군,강원도 양양군 강현면 해맞이길18 1층 할리스커피,033-672-7271
52,군산선유도점,전북 군산시,"전라북도 군산시 옥도면  선유도리 213-4, 6",063-464-9315
53,전주남천교점,전북 전주시 완산구,전주천서로81 ,
54,대구침산점,대구 북구,대구광역시 북구 성북로 36,053-353-5412
55,용산리첸시아점,서울 용산구,"서울시 용산구 백범로341, 용산리첸시아 118호,119호",02-6012-6596
56,울산옥동대공원점,울산 남구,문수로 377 (옥동),070-7733-9102
57,커피클럽 역삼테헤란점,서울 강남구,서울 강남구 테헤란로 131 한국지식센터 1층 ,02-501-3573
58,신사역사거리점,서울 강남구,"서울특별시 강남구 강남대로 600 동신빌딩 1,2층",02-511-5340
59,충남대점,대전 유성구,대전광역시 유성구 대학로 84 (궁동 486-2),
60,응암역점,서울 은평구,증산로 475 2층,02-3152-2910
61,대구안심점,대구 동구,대구시 동구 안심로90길 29,053)552-2220
62,여수소호점,전남 여수시,전남 여수시 소호로 455-1,061-684-8254
63,화성병점점,경기 화성시,경기 화성시 병점동로 105,031-239-0455
64,동탄카림애비뉴점,경기 화성시,경기 화성시 동탄대로시범길 134,031-372-1650
65,김포운양점,경기 김포시,김포한강11로255번길 15,031-986-2260
66,창원팔용점,경남 창원시 의창구,"경상남도 창원시 창원대로18번길 6-8 1,2,3층",055-298-3434
67,부안격포채석강점,전북 부안군,전라북도 부안군 변산면 격포리 282(채석강길 22-10),063-584-0011
68,전남대상대점,광주 북구,광주광역시 북구 설죽로202번길 68,062-511-0389
69,(하)매송휴게소점,경기 화성시,경기도 화성시 매송면 서해안고속도로 315 목포방향,
70,(상)매송휴게소점,경기 화성시,경기도 화성시 매송면 서해안고속도로 316 서울방향,
71,용산아이파크몰 영풍문고점,서울 용산구,한강대로 23길 55 용산아이파크몰 리빙관 3층 영풍문고 내,070-8835-5073
72,오산대역DT점,경기 오산시,"경기도 오산시 경기대로 491, 1~3층",031-372-9750
73,춘천명동점,강원 춘천시,강원도 춘천시 금강로 61 (조양동),033-251-3789
74,인천주안역점,인천 남구,인천 남구 주안로 105,032-425-1793
75,BMC점,경기 고양시 일산동구,동국로 32(식사동) 동국대학교 바이오메디융합 캠퍼스 내 산학협력관 1층,031-961-5692
76,구미금오산점,경북 구미시,경북 구미시 금오산로 209 ,054-441-4452
77,을지로입구점,서울 중구,서울시 중구 을지로2가 199-44,02-318-6381
78,울산삼산대로점,울산 남구,울산시 남구 삼산동 1559-15,052-293-2234
79,백석예술대학교점,서울 서초구,방배동 981-17,
80,양재역1호점,서울 서초구,서울시 서초구 양재동 13-11,02-578-6630
81,제주협재해수욕장점,제주 제주시,한림읍 한림로 330,064-796-1780
82,구리장자호수공원점,경기 구리시,"경기도 구리시 장자대로 86번길 18(수택동, 1~2층)",031-568-7232
83,(하)오창휴게소,충북 청주시 청원구,충청북도 청주시 청원구 오창읍 중부고속도로 21 ,043-217-1477 
84,부산교대점,부산 동래구,부산광역시 동래구 수안동 55-1,051-558-5886
85,이대점,서울 서대문구,"서울시 서대문구 이화여대길 59, 엘큐브 3층",02-392-1008
86,파주야당역점,경기 파주시,경의로 1042(야당동) 더진빌딩 1층,031-946-4823
87,목동예술인회관점,서울 양천구,"목동서로 225(목동, 예술인회관) 1층",02-2655-1300
88,(하)괴산휴게소점,충북 괴산군,충청북도 괴산군 장연면 중부내륙고속도로 205 괴산(마산방향)휴게소 ,043-832-7966
89,부산광안해변점,부산 수영구,부산광역시 수영구 민락동 178-5,051-752-4551
90,당고개역점,서울 노원구,덕릉로 126길 11 (상계동) 1층,02-951-1029
91,커피클럽 역삼스타점,서울 강남구,서울시 강남구 역삼동 736-56 1층 ,02-501-4142
92,(하)보성녹차휴게소점,전남 보성군,전남 보성군 겸백면 수남리 385-3,070-4325-8808
93,(상)보성녹차휴게소점,전남 보성군,전남 보성군 미력면 화방리 산196-7,070-4325-8801
94,부산정관CGV점,부산 기장군,정관읍 매학리 717-5,051-710-3532
95,울산풍차DT점,울산 북구,신천동 456,052-292-8180
96,구파발역점,서울 은평구,"진관3로 11,(진관동, 은평뉴타운 힐데스하임) 주상복합 1,2층",02-359-1366
97,속초엑스포점,강원 속초시,강원도 속초시 청초호반로 75,033-638-2123
98,안양엠타워컨벤션점,경기 안양시 만안구,안양로 104 (안양동) 엠타워컨벤션 1층,031-469-0202
99,인천연수CGV점,인천 연수구,"인천광역시 연수구 청능대로 210, 4층",032-456-4499
100,(상)추풍령휴게소점,경북 김천시,경북 김천시 봉산면 광천리 737-1,
101,부산경성대2호점,부산 남구,"부산광역시 남구 수영로 306, 3층",051-611-3021
102,양주고읍점,경기 양주시,경기도 양주시 고읍남로 10 ,031-843-0078
103,(상)마장휴게소점,경기 이천시,경기도 이천시 마장면 중부고속도로82,
104,대구디아크점,대구 달성군,대구광역시 달성군 다사읍 강정본길 57,053-591-2209
105,남악신도시점,전남 무안군,"전남 무안군 삼향읍 남악로 234, 트리폴리앙 B동 1,2층 108호,204호",061-282-8280
106,구산역점,서울 은평구,서울시 은평구 연서로 135,02-351-3094
107,김포공항점,서울 강서구,서울특별시 강서구 하늘길 112 국내선청사 1층 ,02-2064-0312
108,경남통영점,경남 통영시,"경남 통영시 무전 8길 33(무전동, 로운빌딩)",055-649-1314
109,여의도하나투자점,서울 영등포구,서울시 영등포구 의사당대로 82 ,02-761-7231
110,마곡퀸즈파크나인점,서울 강서구,"공항대로 247 (마곡동, 퀸즈파크나인)",02-6421-9888
111,울산명촌점,울산 북구,울산광역시 북구 명촌로 59 ,052-289-9905
112,세종소담DI점,세종 ,세종특별자치시 소담로 40,044-862-9027
113,부산BIFF광장점,부산 중구,부산광역시 중구 비프광장로 31-1 1층,051-242-6552
114,용평리조트점,강원 평창군,강원도 평창군 대관령면 용산리 130 용평리조트,
115,(하)가평휴게소,경기 가평군,경기도 가평군 설악면 149번지 가평휴게소(춘천방향)  ,
116,(춘)치악휴게소,강원 원주시,강원도 원주시 신림면금창리 500 ,
117,(하)안성휴게소,경기 안성시,경기도 안성시 원곡면 경부고속도로 365,
118,(하)안성맞춤휴게소,경기 안성시,경기도 안성시 서운면 신능리 51-11,
119,(상)안성휴게소,경기 안성시,경기도 안성시 원곡면 산하리 67-3,
120,(상)안성맞춤휴게소,경기 안성시,경기도 안성시 서운면 신능리 51-16,
121,(상)가평휴게소,경기 가평군,경기도 가평군 설악면 149번지 가평휴게소(서울방향),
122,치악휴게소부산방향,강원 원주시,강원도 원주시 신림면금창리 500,033-762-8128
123,(서)죽전휴게소,경기 용인시 수지구,경기도 용인시 수지구 경부고속도로 400 죽전휴게소,
124,광주일곡점,광주 북구,광주광역시 북구 송해로 81,070-7716-0123
125,천안신불당점,충남 천안시 서북구,불당동 1638,041-557-5556
126,모다아울렛구리점,경기 구리시,"경춘북로 230, 1층(갈매동,모다아울렛구리점)",031-514-8194
127,부산역사점,부산 동구,초량동 1187-1 부산역사 2층,
128,부산해운대비치점,부산 해운대구,부산시 해운대구 우동 618-14,051-731-5253
129,당진푸르지오점,충남 당진시,읍내동 1590 희은빌딩 1층 할리스커피,041-354-2004
130,홍대역점,서울 마포구,"서울시 마포구 어울마당로 111, 2~4층(동교동)",02-323-7791
131,원주휴게소춘천방향점,강원 원주시,강원도 원주시 호저면 옥산리 215,
132,(인)강릉휴게소점,강원 강릉시,강원도 강릉시 성산면 보광리 103,
133,(상)홍천휴게소,강원 홍천군,강원도 홍천군 화촌면 군업리 509-3,
134,죽전패션타운점,경기 용인시 수지구,용구대로 2729 (죽전패션타운),0312729798
135,아산마트점,충남 아산시,충청남도 아산시 권곡동 219-24,041-548-6060
136,군위영천휴게소점,경북 군위군,경상북도 군위군 산성면 백학리 산15-2,
137,삼국유사군위휴게소점,경북 군위군,경상북도 군위군 부계명 창평리 산98-4,
138,김천혁신도시점,경북 김천시,경상북도 김천시 혁신로 246,054-433-4333
139,대구이월드점,대구 달서구,대구광역시 달서구 두류공원로 200,[준비중]
140,,서울 용산구,서울시 용산구 한강대로 405 (동자동 43-205),0505-919-9119
141,부산광안대교점,부산 수영구,부산광역시 수영구 광안해변로 217(광안동),051-754-9985
142,대구팔달교DT점,대구 서구,대구광역시 서구 팔달로 32 ,053- 341-9595
143,국민연금공단점,전북 전주시 덕진구,"전라북도 전주시 덕진구 기지로 170, 국민연금공단 기금운용본부 1층",063-221-5072
144,커피클럽 광나루역점,서울 광진구,"서울특별시 광진구 천호대로 808, 광장현대홈타운 제1202동 상가 1층 ",02-444-0542
145,진해경화점,경남 창원시 진해구,경상남도 창원시 진해구 조천북로 76,055-547-9906
146,파주탄현점,경기 파주시,경기도 파주시 탄현면 방촌로 1017,031-957-9477
147,수원호매실역점,경기 수원시 권선구,경기도 수원시 권선구 금곡로 202 ,031-278-1717
148,광주전남대점,광주 북구,광주광역시 북구 우치로 90,062-251-1966
149,세로수길점,서울 강남구,서울시 강남구 강남대로152길 41,02-511-1473
150,광주우산점,광주 광산구,광주광역시 광산구 우산동 1363-2,062-956-6582
151,군산수송점,전북 군산시,전라북도 군산시 수송북로 22,063-467-9500
152,블루스퀘어점,서울 용산구,서울특별시 용산구 이태원로 294,02-790-1273
153,대전도안DT점,대전 유성구,대전광역시 유성구 도안동로 488,042-824-4931
154,별내카페거리점,경기 남양주시,경기도 남양주시 두물로39번길 33,031-574-5655
155,장승배기역점,서울 중구,서울특별시 동작구 금낭화로11길 31-27 ,02-812-9330
156,영종하늘도시점,인천 중구,인천광역시 중구 하늘달빛로 90-21,032-752-1761
157,동탄호수공원점,경기 화성시,경기도 화성시 동탄면 동탄순환대로5길 15,031-373-5223
158,수원인계점,경기 수원시 팔달구,경기도 수원시 팔달구 인계로138번길 49,031-222-6842
159,(하)옥천휴게소점,충북 옥천군,"충청북도 옥천군 옥천읍 서대구일로 265-19, 할리스커피 (하)옥천휴게소점 ",
160,목동점,서울 양천구,"서울특별시 양천구 목동서로 159-1, CBS방송국 1,2층",02-2062-1063
161,(하)백양사휴게소점,전남 장성군,전라남도 장성군 북이면 호남고속도로 107 ,061-394-9990
162,광주아울렛점,광주 서구,"광주광역시 서구 상무대로 627, 광주아울렛 內 할리스커피",062-385-5122
163,동부산우체국점,부산 동구,부산광역시 동구 조방로 15,051-631-3193
164,,경기 광명시,"경기도 광명시 광명역로 21, 1층",02-899-1530
165,광주금호점,광주 서구,금호동 762-6,062-385-0725
166,안성팜랜드점,경기 안성시,"경기도 안성시 공도읍 대신두길 28, 안성팜랜드",031-8053-7938
167,동대구환승센터점,대구 동구,"대구광역시 동구 동부로 149, 3층",053-742-0614
168,양산석산점,경남 양산시,"경상남도 양산시 동면 금오2길 68, 착한빌딩 102호",055-366-7200
169,대구월성CGV점,대구 달서구,대구광역시 달서구 조암로 29,
170,양산원동점,경남 양산시,경상남도 양산시 원동면 원동로 1429,055-372-0268
171,울산디자인거리점,울산 남구,"울산광역시 남구 돋질로302번길 38 1,2층",052-256-0566
172,나주빛가람혁신도시점,전남 나주시,전라남도 나주시 배멧3길 5-4,061-334-5466
173,답십리점,서울 성동구,서울특별시 성동구 천호대로 302,02 2246 2312
174,부산사상점,부산 사상구,부산시 사상구 광장로 90,051-313-6300
175,명지국제신도시점,부산 강서구,부산광역시 강서구 명지국제11로 57 ,051-271-5600
176,대구본리점,대구 달서구,대구광역시 달서구 장기로 203 ,053-553-3002
177,의정부로데오점,경기 의정부시,경기도 의정부시 행복로 28,031-848-1674
178,인천엠파크허브점,인천 서구,"인천 서구 염곡로 52, 엠파크 허브동 103호",032-265-0103
179,유스퀘어CGV점,광주 서구,광주광역시 서구 무진대로 904,062-351-4687
180,광주오치점,광주 북구,광주광역시 북구 서하로 185 ,062-251-5684
181,광주운남점,광주 광산구,광주 광산구 하남대로 248-13 ,062-951-5979
182,김해구산점,경남 김해시,경상남도 김해시 가락로 321,055-323-8123
183,대구세천점,대구 달성군,대구광역시 달성군 다사읍 세천로 141,053-581-5768
184,부산일광해안로점,부산 기장군,부산광역시 기장군 일광면 일광로 352,051-721-7458
185,익산어양점,전북 익산시,"전라북도 익산시 동서로63길 4, 101호",063-832-4700
186,전주백제대로점,전북 전주시 덕진구,전라북도 전주시 덕진구 백제대로 592,063-271-5066
187,부산대역점,부산 금정구,부산광역시 금정구 부산대학로 29,051-517-7773
188,당산역점,서울 영등포구,서울특별시 영등포구 당산로 219,02-2631-3446
189,무교점,서울 중구,"서울시 중구 무교로 28, 시그너스빌딩 1층",02-318-0988
190,울산태화강공원점,울산 중구,울산광역시 중구 신기길 130-1,
191,동천안우체국점,충남 천안시 동남구,충청남도 천안시 동남구 청수5로 10,041-522-5024
192,수원팔달문점,경기 수원시 팔달구,경기도 수원시 팔달구 정조로 777번길 2,031-242-9990
193,전북부안점,전북 부안군,전라북도 부안군 부안읍 석정로 269,063-581-0620
194,전북도청점,전북 전주시 완산구,전라북도 전주시 완산구 홍산남로 51,063-228-4005
195,의정부민락점,경기 의정부시,"경기도 의정부시 오목로205번길 55 메가타워 1F,2F",031-851-3633
196,별내북부역점,경기 남양주시,경기도 남양주시 순화궁로 449,031-555-0128
197,동수원사거리점,경기 수원시 팔달구,경기도 수원시 팔달구 우만동 557-11,031-222-2225
198,대구엑스코점,대구 북구,"대구광역시 북구 유통단지로 90, 대구엑스코 1층",053-601-5254
199,수원권선행복점,경기 수원시 권선구,"수원시 권선구 권광로 119, 행복빌딩 1층",031-221-7895
200,분당율동공원점,경기 성남시 분당구,경기도 성남시 분당구 율동 323-11,031-701-0680
201,원주휴게소부산방향점,강원 원주시,강원도 원주시 호저면 마근거리길 120,
202,동해촛대바위점,강원 동해시,강원도 동해시 촛대바위길 16,033-522-0117
203,사천휴게소(하)점,경남 사천시,경상남도 사천시 곤양면 서삼로 619,
204,사천휴게소(상)점,경남 사천시,경상남도 사천시 곤양면 묵실길 31-13,
205,경산중방점,경북 경산시,"경북 경산시 경안로 205, 2층",053-814-9980
206,울산공항1호점,울산 북구,울산광역시 북구 산업로 1103 울산공항 2층 일반대합실,052-289-5525
207,울산공항2호점,울산 북구,울산광역시 북구 산업로 1103 울산공항 2층 격리대합실 ,
208,포항장성점,경북 포항시 북구,경상북도 포항시 북구 새천년대로 1194,054-241-1177
209,종로본점,서울 종로구,서울특별시 종로구 종로 84,02-734-2838
210,고척스카이돔점,서울 구로구,서울특별시 구로구 경인로 430 고척스카이돔 B1층,
211,늘봄농원점,경기 고양시 덕양구,경기도 고양시 덕양구 호국로 1526,070-4160-4216
212,평택서재점,경기 평택시,"경기도 평택시 서재로 26-24, 1,2층 ", 031-651-2750 
213,광교테크노밸리점,경기 수원시 영통구,"경기도 수원시 영통구 에듀타운로 108, 해피리움빌딩",031-217-8022
214,부산송도점,부산 서구,부산 서구 송도해변로 61-1,051-255-6100
215,화성휴게소(하)2호점,경기 화성시,경기도 화성시 팔탄면 서해안고속도로 301,
216,화성휴게소(하)점,경기 화성시,경기도 화성시 팔탄면 서해안고속도로 301,
217,영광백수해안도로점,전남 영광군,전라남도 영광군 백수읍 해안로 918,061-353-5866
218,진주혁신도시점,경남 진주시,경상남도 진주시 충무공동 289-1, 055-761-0288
219,부산동래역점,부산 동래구,부산 동래구 삼성대길 34-25(명륜동 502-4 ),051-552-2990
220,가재울점,서울 서대문구,"서울 서대문구 모래내로 15길 56, 1층(남가좌동)",02-374-7686
221,신항휴게소점,경남 창원시 진해구,경상남도 창원시 진해구 신항북로 320,
222,분당미금점,경기 성남시 분당구,"경기도 성남시 분당구 돌마로 48, 1층",031-627-4727
223,원주혁신도시S타워점,강원 원주시,"강원도 원주시 배울로 86, S타워 1층",033-733-1220
224,수서점,서울 강남구,"서울시 강남구 밤고개로1길 10, B 125, B 126호(수서동, 수서현대벤처빌)",02-451-0723
225,수원오목천점,경기 수원시 권선구,"경기도 수원시 권선구 서수원로 179, 1~2층(오목천동)",031-291-7933
226,전북대덕진광장점,전북 전주시 덕진구,전라북도 전주시 덕진구 덕진광장로 12,063-272-2400
227,외동휴게소(하),경북 경주시,경상북도 경주시 상석길 58-74,
228,외동휴게소(상),경북 경주시,경상북도 경주시 외동읍 상석길 58-70,
229,양산휴게소점,경남 양산시,경상남도 양산시 동면 목장길 15-50,
230,대전신성점,대전 유성구,대전광역시 유성구 유성대로1184번길 18,042-862-3335
231,연신내점,서울 은평구,"서울시 은평구 연서로 212 1,2,3층",02-388-3977
232,건대일감호수점,서울 광진구,서울시 광진구 아차산로39길 38-6  B1F~4F ,02-456-6627
233,잠실광고회관점,서울 송파구,"서울시 송파구 올림픽로35길 137, 잠실광고문화회관 1층",02-2144-0888
234,여수웅천점,전남 여수시,전라남도 여수시 예울마루로 35-24,061-681-2522
235,대구동천점,대구 북구,대구광역시 북구 동천로 125,053-321-0099
236,전북대병원점,전북 전주시 덕진구,전북 전주시 덕진구 건지로 20,
237,(하)지리산휴게소점,전북 남원시,전북 남원시 아영면 아곡리 산 77-1,063-636-7195
238,(상)지리산휴게소점,전북 남원시,전북 남원시 아영면 아곡리 446-2,063-636-7191
239,양산신도시점,경남 양산시,경남 양산시 물금읍 가촌리 1210-9,055-366-0268
240,창원귀산점,경남 창원시 성산구,경상남도 창원시 성산구 삼귀로 189,
241,군산미장점,전북 군산시,전라북도 군산시 미장안길 54,063-442-8777
242,(상)옥천휴게점,충북 옥천군,충청북도 옥천군 옥천동이로 242-34,
243,대전타임월드점,대전 서구,대전광역시 서구 둔산로 32-13,042-489-1315
244,보라매역점,서울 영등포구,"서울시 영등포구 여의대방로 145, 1층",02-844-6004
245,세종어진점,세종 ,"세종특별자치시 절재로 194세종중앙타운 133호,214호",070-7766-1589
246,고속버스터미널영동선점,서울 서초구,서울시 서초구 신반포로 194 서울고속터미널 부속상가동 2층 A-2호,02-591-1555
247,부산다대포전망대점,부산 사하구,부산광역시 사하구 다대낙조2길 85,051-265-9191
248,부산대연점,부산 남구,부산광역시 남구 대연동 1750-11,051-621-0303
249,전주하가점,전북 전주시 덕진구,전라북도 전주시 덕진구 가련산로 25,063-275-1230
250,광주수완2호점,광주 광산구,광주광역시 광산구 수완동 1109,062-959-3327
251,화곡역점,서울 강서구,서울특별시 강서구 강서로 163,02-2606-6641
252,발산역점,서울 강서구,서울특별시 강서구 공항대로 284,02-2063-3534
253,신정네거리역점,서울 양천구,서울특별시 양천구 중앙로 252,02-2645-9957
254,세종시청점,세종 ,세종특별 자치시 시청대로 167 세종드림빌딩 106호,044-864-0211
255,대구범어점,대구 수성구,대구 수성구 범어동 722-1,053-761-2187
256,인계써드아이점,경기 수원시 팔달구,"경기도 수원시 팔달구 인계로 130, 1층",031-232-0727
257,고양행신점,경기 고양시 덕양구,경기도 고양시 덕양구 충경로 37,031-938-4055
258,동해묵호점,강원 동해시,강원도 동해시 해안로 368,033-534-8902
259,배명사거리점,서울 송파구,서울시 송파구 백제고분로 275,02-422-4915
260,대전도안마을점,대전 유성구,대전광역시 유성구 도안대로 560,042-826-6080
261,분당서현시범단지점,경기 성남시 분당구,경기도 성남시 분당구 새마을로1번길 2,031-701-7863
262,수원태장점,경기 수원시 영통구,경기도 수원시 영통로 112-4	,031-202-3780
263,(상)황간휴게소점,충북 영동군,충청북도 영동군 황간면 회포길 102 황간휴게소,
264,(하)황간휴게소점,충북 영동군,충청북도 영동군 황간면 회포길 102 황간휴게소,
265,아산우체국점,충남 아산시,"충남 아산시 시민로455, 아산우체국1층",041-548-5024
266,천안두정역점,충남 천안시 서북구,충청남도 천안시 서북구 두정로 238,041-566-5148
267,일산웨스턴돔점,경기 고양시 일산동구,"경기도 고양시 일산동구 정발산로 38, 양우 이스턴시티",031-905-7749
268,가산디지털단지점,서울 금천구,서울시 금천구 가산동 459-11,02-2028-7111
269,김포장기점,경기 김포시,"경기도 김포시 김포한강로1로 77-30, 가온빌딩 1,2층",031-981-6770
270,거창휴게소(하),경남 거창군,경남 거창군 가조면 가조가야로 1485-48,
271,거창휴게소(상),경남 거창군,경남 거창군 가조면 도리 산189-1,
272,광주조선대점,광주 동구,광주광역시 동구 필문대로273번길 12,062-416-3647
273,안암오거리점,서울 성북구,서울시 성북구 인촌로24길 56,02-922-2877
274,단양휴게소(하)점,충북 단양군,충청북도 단양군 적성면 기동리 산74-1,043-423-5401
275,옥산휴게소(하)점,충북 청주시 흥덕구,충청북도 청주시 흥덕구 경부고속도로 309,
276,광명하안점,경기 광명시,경기도 광명시 하안로 293-6,02-899-2088
277,대전반석역점,대전 유성구,대전광역시 유성구 반석동로 40번길 40,042-714-5808
278,평촌스마트스퀘어점,경기 안양시 동안구,"경기도 안양시 동안구 시민대로 311 금강스마트빌딩 110, 111호",031-421-8097
279,전북고창점,전북 고창군,전북 고창군 고창읍 중앙로 195,063-564-3357
280,교대역점,서울 서초구,서울시 서초구 반포대로30길 81,02-521-8944
281,커피클럽 서울대예술문화점,서울 관악구,"서울시 관악구 관악로 1, 서울대예술계복합연구동 1층",02-877-7186
282,길동역점,서울 강동구,서울특별시 강동구 양재대로 1484,02-470-1988
283,세종호수공원점,세종 ,"세종특별자치시 다솜3로 66, 행정지원센터 홍보동 2층 카페테리아",044-866-1753
284,낙성대역점,서울 관악구,서울특별시 관악구 남부순환로 1922,070-4716-0775
285,한남순천향점,서울 용산구,서울특별시 용산구 대사관로 62,02-749-6977
286,노원문화의거리점,서울 노원구,서울시 노원구 노해로81길 22-26 ,02-935-8231
287,전주한옥마을점,전북 전주시 완산구,전라북도 전주시 완산구 은행로 16,063-288-0801
288,청주성모병원점,충북 청주시 청원구,"충청북도 청주시 청원구 주성로 173-19, 성모병원 본과",070-7761-0015
289,(하)서천휴게소점,충남 서천군,충남 서천군 비인면 서해안고속도로 169,041-952-5757
290,(상)서천휴게소점,충남 서천군,충청남도 서천군 비인면 서해안고속도로 168, 041-952-9700 
291,송탄점,경기 평택시,경기도 평택시 관광특구로 31,031-667-1229
292,부산해운대점,부산 해운대구,부산광역시 해운대구 해운대해변로 277,051-746-1463
293,대구장기점,대구 동구,대구광역시 달서구 장기로 268,053-522-0666
294,한양대시티빌점,서울 성동구,서울특별시 성동구 마조로1가길 9,02-2299-9934
295,도곡점,서울 강남구,서울특별시 강남구 논현로28길 54,02-6204-3311
296,고대구로병원점,서울 구로구,서울시 구로구 구로동로 148 고려대학교 구로병원 신관 1층,02-830-0998
297,대구두류공원점,대구 달서구,대구광역시 달서구 공원순환로 216,053-626-1033
298,대명거리점,서울 종로구,"서울시 종로구 대명길 4, 2,3,4층",02-747-0348
299,화서휴게소(상)점,경북 상주시,경상북도 상주시 화서면 터골길 51-25,
300,대구봉무공원점,대구 동구,"대구광역시 동구 단산길 4, 1~2층",053-984-3001
301,분당수내엔타워점,경기 성남시 중원구,경기도 성남시 분당구 수내동 16-6 엔타워빌딩 1층,031-712-0341
302,창원상남점,경남 창원시 성산구,경상남도 창원시 성산구 마디미로31번길 3,055-261-5955
303,울산정자해변점,울산 북구,울산광역시 북구 동해안로 1580 1~2층,052-294-2888
304,세종종촌점,세종 ,"세종특별자치시 종촌동 1-3 생활권 호만빌딩 C3-3 1층, 2층",044-864-2177
305,대전한남대점,대전 대덕구,"대전광역시 대덕구 한남로 65 1,2층",070-4415-4254
306,부산경성대점,부산 남구,"부산광역시 남구 용소로 7, 2~3층 ",051-611-6893
307,커피클럽 코엑스점,서울 강남구,"서울시 강남구 영동대로 513, 지하1층 C113호",02-6002-3100
308,충남공주점,충남 공주시,"충남 공주시 웅진로 179, 2.3층",041-857-1077
309,의정부시청점,경기 의정부시,경기도 의정부시 의정부2동 430-14,031-826-0009
310,신림고시촌점,서울 관악구,서울시 관악구 호암로 605,02-871-0777
311,전주시네마점,전북 전주시 완산구,전라북도 전주시 완산구 전주객사3길 67,063-232-2240
312,인천구월면세점,인천 남동구,인천광역시 남동구 인주대로 593,032-422-8236
313,인천한옥마을점,인천 연수구,인천시 연수구 테크노파크로 180,032-831-0337
314,인천구월로데오점,인천 남동구,인천광역시 남동구 인하로 497-24,032-421-0399
315,청주율량현대점,충북 청주시 청원구,충북 청주시 청원구 율봉로 150			,043-241-0005
316,올림픽프라자점,서울 송파구,"서울특별시 송파구 양재대로 1222, 올림픽프라자상가 1층 ",02-443-7997
317,노원2호점,서울 노원구,"서울특별시 노원구 상계로 63-7, 청우빌딩 2층",02-930-3933
318,인천검단사거리점,인천 서구,인천광역시 서구 검단로 465,070-7766-4494
319,약수역점,서울 중구,서울특별시 중구 다산로 114,02-2233-0866
320,신림사거리점,서울 관악구,서울특별시 관악구 남부순환로 1599-3 ,02-877-1433
321,청주율량점,충북 청주시 청원구,충청북도 청주시 청원구 1순환로 122 ,043-216-1990
322,대전관저점,대전 서구,"대전광역시 서구 관저중로64번길 26, 1~2층",042-542-8080
323,대전유성온천점,대전 유성구,"대전광역시 유성구 온천로 45 푸르지오시티 110,111,112호yloa",042-825-2023
324,탄천휴게소점,충남 공주시,충남 공주시 탄천면 장선리 151-6,041-854-3521
325,행담도휴게소(하)점,충남 당진시,충청남도 당진군 신평면 서해안고속도로 275,
326,월곶점,경기 시흥시,경기도 시흥시 월곶중앙로 63	,031-404-7966
327,안산중앙역점,경기 안산시 단원구,경기도 안산시 단원구 광덕4로 234 ,031-484-2002
328,국기원점,서울 강남구,"서울시 강남구 강남대로94길 28, 지원빌딩1층",02-6203-4301
329,대구수성못점,대구 수성구,대구광역시 수성구 용학로 115,053-768-6999
330,수원권선점,경기 수원시 권선구,경기도 수원시 권선구 권선로 667,031-302-2601
331,인천동암역점,인천 부평구,"인천시 부평구 열우물로 35-1 17호 1,2층",032-277-2010
332,커피클럽 대학로점,서울 종로구,서울특별시 종로구 대학로 10길 11 ,02-747-1677
333,대전둔산청솔점,대전 서구,"대전광역시 서구 둔산로 223, 제상가 2동",042-489-7990
334,용산더프라임점,서울 용산구,"서울특별시 용산구 원효로 90길 11 (원효로 1가 41-1, 더프라임타워 업무동 1층)",02-6362-7990
335,세종로점,서울 종로구,"서울특별시 종로구 세종대로 161 (세종로 200 2,3층)",02-720-5582
336,광장점,서울 광진구,서울특별시 광진구 광나루로 620,070-4706-0293
337,마산터미널점,경남 창원시 마산회원구,경상남도 창원시 마산회원구 3·15대로 750,055-251-5698
338,울산간절곶해맞이점,울산 울주군,"울산광역시 울주군 서생면 나사해안길 135, 1~2층",052-239-5336
339,부산서면일번가점,부산 부산진구,부산광역시 신천대로 62번길 74,051-802-2550
340,전주혁신도시점,전북 전주시 완산구,전주시 완산구 오공로 33,063-221-3361
341,이인휴게소점,충남 공주시,충남 공주시 이인면 이인리 3-8 ,010-5406-5747
342,도심공항2점,서울 강남구,서울시 강남구 테헤란로 87길 22 (도심공항터미널 2층 203-1호),02-2016-5400
343,경복궁역점,서울 종로구,서울특별시 종로구 자하문로  14-1,02-720-5589
344,행담도휴게소(상)점,충남 당진시,충청남도 당진군 신평면 서해안고속도로 275,
345,안양동편마을점,경기 안양시 동안구,경기도 안양시 동안구 동편로 6,031-422-1880
346,구반포역점,서울 서초구,서울특별시 서초구 신반포로 15 구반포상가 G동 1층,02-537-9386
347,대구상인점,대구 달서구,"대구광역시 달서구 상화북로 194, 2층",053-641-9522
348,수원경인일보점,경기 수원시 팔달구,경기도 수원시 팔달구 효원로 299 ,031-226-0530
349,수원영통점,경기 수원시 영통구,경기도 수원시 영통구 청명남로 10,031-202-3356
350,수원역점,경기 수원시 팔달구,"경기도 수원시 팔달구 향교로 6(매산로1가,1-3층)",031-257-3313
351,종로코리안리빌딩점,서울 종로구,서울시 종로구 종로5길 68 ,02-6093-0011
352,파주금촌역점,경기 파주시,경기 파주시 중앙로 328 엠에이치타워 1층,031 946 8011
353,구미CGV점,경북 구미시,"경북 구미시 구미중앙로 44, 마이구미CGV 복합건물 1층",054-604-0375
354,청라센터시아점,인천 서구,인천광역시 서구 중봉대로 612번길 16 서후센타시아 1층,032-567-1192
355,김포골드밸리점,경기 김포시,경기도 김포시 황금로 109번길 27,031-998-7233
356,충북진천점,충북 진천군,"충청북도 진천군 진천읍 중앙북로 28, 2층",043-534-8584
357,평택점,경기 평택시,경기 평택시 평택1로 11,031-651-1223
358,(하)칠곡휴게소점,경북 칠곡군,경북 칠곡군 왜관읍 경부고속도로 159,054-975-2277 
359,대구관음점,대구 북구,대구광역시 북구 구암로 59 비전스케어 1~2층,053-324-6122
360,학동역점,서울 강남구,"서울특별시 강남구 학동로 219, 2층",070-4700-6699
361,청주성화점,충북 청주시 서원구,충청북도 청주시 서원구 신성화로 39,043-233-6296
362,김해국제공항점,부산 강서구,부산시 강서구 대저2동 2350 국제선 청사 3층,051-972-1655
363,합정역점,서울 마포구,서울특별시 마포구 양화로 36 ,02-6204-1234
364,동대문역사문화공원점,서울 중구,"서울특별시 중구 장충단로 251 2,3층",02-2272-3331
365,고덕리앤파크점,서울 강동구,서울시 강동구 상일로 151,02-441-1121
366,광주첨단2지구점,광주 북구,광주광역시 북구 첨단연신로91번길 10,062-413-8900
367,광주하남점,광주 광산구,광주광역시 광산구 용아로 400,070-4157-5092
368,익산모현점,전북 익산시,전북 익산시 선화로3길 16-10,063-842-8420
369,전남영광점,전남 영광군,전라남도 영광군 영광읍 중앙로 180-2,061)353-2600
370,신림역점,서울 관악구,서울시 관악구 신림로 313,02 877 5596
371,대림역점,서울 영등포구,서울특별시 영등포구 도림로 140,02-834-1000
372,커피클럽 부산달맞이점,부산 해운대구,"부산광역시 해운대구 달맞이길 199, 2~3층",051-731-3410
373,광주비엔날레점,광주 북구,광주광역시 북구 비엔날레로 109-1,062)515-5715
374,신흥역점,경기 성남시 수정구,경기도 성남시 수정구 산성대로 265 2층,031-626-6140
375,경주보불로점,경북 경주시,경상북도 경주시 보불로 305,054-744-7700
376,원주중앙점,강원 원주시,강원도 원주시 중평길 4,033-748-1188
377,동판교M타워점,경기 성남시 분당구,경기도 성남시 분당구 판교역로241번길 22,031-8017-7557
378,커피클럽 부산송정점,부산 해운대구,부산시 해운대구 송정광어골로 77,051-701-5591
379,구미인동점,경북 구미시,"경상북도 구미시 인동가산로 20, 1~2층",054-473-1045
380,송천솔내점,전북 전주시 덕진구,전북 전주시 덕진구 붓내3길 17,063-291-8000
381,한티역점,서울 강남구,서울특별시 강남구 도곡로 414,02-538-8886
382,선릉샹제리제점,서울 강남구,서울시 강남구 테헤란로 406,02-501-4255
383,양주브이플러스점,경기 양주시,경기도 양주시 평화로 1593,031-894-2710
384,명동퍼시픽호텔점,서울 중구,서울시 중구 퇴계로20길 2,02-752-2248
385,부산서면본점,부산 부산진구,"부산광역시 부산진구 동천로 73, DS타워 1~2층",051-819-9117
386,광주시청로점,광주 서구,광주광역시 서구 상무시민로 130,062-384-4401
387,홍대점,서울 마포구,서울특별시 마포구 홍익로 4,02-6749-1117
388,이태원점,서울 용산구,서울특별시 용산구 이태원로 179,02-749-8752
389,청주분평점,충북 청주시 서원구,"충청북도 청주시 서원구 월평로 4 1, 2층",043-292-5105
390,청주강서점,충북 청주시 흥덕구,[11월 5일 오픈] 충청북도 청주시 흥덕구 가경동 1746,043-263-8585
391,간석역남부점,인천 남동구,인천시 남동구 석산로 11,032-427-7935
392,광주수완점,광주 광산구,광주광역시 광산구 풍영로 189 ,070-8831-1052
393,경주황성점,경북 경주시,경상북도 경주시 황성로28번길 15 1~2층,054-701-1234
394,양주테크노점,경기 양주시,경기 양주시 광적면 부흥로 847 ,031-830-1700
395,동두천지행점,경기 동두천시,경기 동두천시 중앙로 110-13 게림프라자 1층,031-859-9100
396,인천소래역점,인천 남동구,"인천 남동구 소래역남로 22 에코프라자 114호, 206호",032-422-4595
397,충정래미안점,서울 중구,서울시 중구 중림로 21,02-363-1388
398,강릉항마리나점,강원 강릉시,강원도 강릉시 창해로14번길 51-20,070-8816-6543
399,전주신시가지점,전북 전주시 완산구,전라북도 전주시 완산구 우전로 255 ,063-236-1789
400,시화이마트점,경기 시흥시,"경기도 시흥시 중심상가 4길 10, 1층		",031-499-9177
401,천안두정점,충남 금산군,"충청남도 천안시 서북구 오성6길 52, 1층",041-574-0013
402,북가좌점,서울 서대문구,서울특별시 서대문구 응암로 89 ,02-372-5556
403,의왕휴게소점,경기 의왕시,경기도 의왕시 오전로 18,031-427-3151
404,전주아중점,전북 전주시 덕진구,전라북도 전주시 덕진구 아중로 193,063-241-2007
405,안산선부점,경기 안산시 단원구,경기도 안산시 단원구 선부광장1로 56,031-411-9733
406,안산한대앞점,경기 안산시 상록구,경기도 안산시 상록구 중보로 31,031-419-2131
407,수원대학교점,경기 화성시,경기도 화성시 봉담읍 와우안길 22,031-224-3856
408,부평삼산점,인천 부평구,인천광역시 부평구 길주로 623,032-508-0762
409,광주풍암점,광주 서구,광주광역시 서구 풍금로38번길 11 ,062-652-5505
410,원주단계택지점,강원 원주시,강원도 원주시 장미공원길 27-9,033-745-5007
411,오산문화의거리점,경기 오산시,경기도 오산시 원동로7번길 35,031-378-5503
412,수원성대역점,경기 수원시 장안구,"경기도 수원시 장안구 서부로2126번길 10, 1층",031-309-1660
413,부산영도대교점,부산 영도구,"부산광역시 영도구  태종로 98, 모닝아일랜드 상가 2층	",051-414-8352
414,전주중화산점,전북 전주시 완산구,"전라북도 전주시 완산구 효자로 289, 신화빌딩 1층yl",063-224-8118
415,노량진역점,서울 동작구,서울 동작구 노량진로 157,02-827-0280
416,안산로데오점,경기 안산시 단원구,경기도 안산시 단원구 중앙대로 907 ,031-405-7337
417,계양점,인천 계양구,인천광역시 계양구 도두리로 14,032-551-1166
418,철산점,경기 광명시,경기도 광명시 철산로 20,02-2060-9959
419,홍제역점,서울 서대문구,서울시 서대문구 통일로 451 ,02-396-2761
420,부산광복동점,부산 중구,부산광역시 중구 광복로 73-2		,070-7701-9988
421,청통휴게소점,경북 영천시,경상북도 영천시 청통면 청통로 334-42 ,054-337-5009
422,와촌휴게소점,경북 경산시,경상북도 경산시 와촌면 강학길 103 ,053-853-1002
423,청주봉명점,충북 청주시 흥덕구,충청북도 청주시 흥덕구 백봉로223번길 7,043-260-6669
424,신림점,서울 관악구,서울시 관악구 신림로 353-1 ,02 -877-0019
425,서울대사거리점,서울 관악구,"서서울 관악구  관악로 172, 2층",02-877-6070
426,한가람문구점,서울 서초구,"서울시 서초구 신반포로 194 고속버스터미널 9호선 연결 통로 12,13,14호",02-536-6238
427,목포상동점,전남 목포시,전라남도 목포시 옥암로 95 ,061-282-4254
428,수원경희대점,경기 수원시 영통구,경기도 수원시 영통구 덕영대로 1693 ,031-202-0190
429,도곡로점,서울 강남구,서울시 강남구 도곡로 213 ,02-555-6240
430,청주하복대점,충북 청주시 흥덕구,"충청북도 청주시 흥덕구 2순환로1167번길 5, 1~2층",043-234-4069
431,충북대점,충북 청주시 흥덕구,"충청북도 청주시 흥덕구 내수동로 53, 1~2층",043-266-2248
432,광주동림동점,광주 서구,광주 서구 하남대로680번길 1,062-511-6850
433,인삼랜드휴게소(상)점,충남 금산군,충청남도 금산군 군북면 대암길 34-30 ,041-754-9200
434,군위휴게소(하)점,경북 군위군,경상북도 군위군 군위읍 오곡리 67-5,054-383-6114
435,울산삼산점,울산 남구,"울산시 남구 삼산중로 50, 2층",052-260-1121
436,군위휴게소(상)점,경북 군위군,경상북도 군위군 군위읍 오곡리 산 68-8l,054-383-7114
437,현풍휴게소(하)점,대구 달성군,대구광역시 달성군 현풍면 성하리 286,053-614-2436
438,현풍휴게소(상)점,대구 달성군,대구광역시 달성군 현풍면 성하리 342,053-615-0337
439,마포경찰공제회관점,서울 마포구,서울 마포구 도화동 180-4,02-703-5061
440,제주연동점,제주 제주시,"제주특별자치도 제주시 신광로 47, 2층",064-744-0789
441,오산시청점,경기 오산시,경기도 오산시 성호대로 124,031-378-8778
442,포항북부해수욕장점,경북 포항시 북구,"경상북도 포항시 북구 해안로 115, 1~2층",054-249-8999
443,(상)칠곡휴게소점,경북 칠곡군,경상북도 칠곡군 왜관읍 경부고속도로 158,054-975-1883
444,구로디지털역점,서울 구로구,"서울 구로구 디지털로32나길 38, 서림빌딩 1층",02-851-3365
445,충주연수점,충북 충주시,"충청북도 충주시 계명대로 236, 오피스파크빌딩 1층",043-856-5656
446,(하)만남의광장점,서울 서초구,서울 서초구 원지동 10-10 ,02-578-3372
447,장안휴게소(하)점,부산 기장군,부산시 기장군 장안읍  동해고속도로 25,051-727-3647
448,하남아이테코점,경기 하남시,"경기도 하남시 조정대로 150, 아이테코 아파트형공장 123호y",031-790-1513
449,아주대점,경기 수원시 영통구,경기도 수원시 영통구 중부대로 258 ,031-211-2884
450,송도IT점,인천 연수구,"인천광역시 연수구 송도과학로 32, 송도테크노파크 IT센터 1층y",032-209-7979
451,장안휴게소(상)점,부산 기장군,부산시 기장군 장안읍 명례리 78-1,051-727-3714
452,계원예대점,경기 의왕시,경기도 의왕시 계원대학로 38 ,031-422-8076
453,논현역점,서울 서초구,서울시 서초구 신반포로 332 ,02-515-1162
454,굽은다리역점,서울 강동구,서울 강동구 양재대로 1591 ,02-488-5077
455,까치산점,서울 강서구,서울 강서구 곰달래로 134 ,02-2604-0082
456,개화산점,서울 강서구,서울 강서구 양천로 28 벽산에어트리움 본관동 101~103,02-2064-1455
457,충북오송점,충북 청주시 흥덕구,충청북도 청주시 흥덕구 오송읍 만수1길 3,043-239-0075
458,제주이도점,제주 제주시,"제주특별자치도 제주시 승천로 71, 페르마빌딩 1층y",070-4415-3005
459,동대구역사점,대구 동구,"대구광역시 동구 동대구로 550, 동대구 KTX 역사 내 1층yloa",053-942-1033
460,충무로역점,서울 중구,서울시 중구 퇴계로36길 2,02-2268-8960
461,인천당하점,인천 서구,인천광역시 서구 당하동 891-1 당하스페이스 1층,032-561-1578
462,아시아선수촌점,서울 송파구,서울시 송파구 백제고분로 109 ,02-412-3260
463,부산수영로터리점,부산 수영구,"부산시 수영구 수영로 710-1, 프라임메디컬 빌딩 2층",070-4239-7541
464,울산역사점,울산 울주군,울산시 울주군 삼남면 신화리 471번지 ,
465,신논현역점,서울 강남구,"서울시 강남구 강남대로 478, 제우빌딩 2층",02-545-6077
466,라페스타입구점,경기 고양시 일산동구,"경기도 고양시 일산동구 중앙로1275번길 38-15, 삼희 포시즌프라자 1층yl",031-904-1991
467,용인처인구청점,경기 용인시 처인구,"경기도 용인시 처인구 금령로 86, 롯데시네마 3층",031-338-0920
468,은평구청점,서울 은평구,"서울시 은평구 은평로 200-1, 삼영빌딩1층",02-359-8880
469,천호베네시티점,서울 강동구,"서울 강동구 올림픽로 664, 한강베네시티 104호",02-476-1122
470,용인흥덕점,경기 용인시 기흥구,"경기도 용인시 기흥구 흥덕2로87번길 17, 세림프라자 1층",031-217-7393
471,부천송내본점,경기 부천시 원미구,경기도 부천시 원미구 송내대로73번길 21,032-321-3976
472,문경휴게소(하)점,경북 문경시,경상북도 문경시 유곡동 460,054-554-1658
473,인제점,강원 인제군,강원도 인제군 인제읍 인제로 198 ,033-461-7767
474,안양역점,경기 안양시 만안구,경기도 안양시 만안구 장내로139번길 61,031-466-2879
475,일산레이킨스몰점,경기 고양시 일산서구,경기도 고양시 일산서구 대화동 2611 레이킨스몰 1층 138호yl,031-916-1289
476,연희점,서울 서대문구,서울시 서대문구 연희맛로 31,02-336-6630
477,대전오류점,대전 중구,"대전광역시 중구 계룡로 876, 메종드메디컬빌딩 104호, 202호",042-535-8636
478,천안쌍용점,충남 금산군,"충청남도 천안시 서북구 미라13길 16, 성건오피스텔 1층",041-563-4700
479,광화문LG점,서울 종로구,서울시 종로구 신문로2가 91-4. 1층 & 지하1층,070-8861-6995
480,도심공항점,서울 강남구,서울시 강남구 테헤란로87길 22 도심공항터미널 2층,02-2016-5400
481,야탑점,경기 성남시 분당구,경기 성남시 분당구 야탑로139번길 6-6,031-705-7077
482,광주상무병원점,광주 서구,광주광역시 서구 운천로 225 상무힐타워1층,062-383-7111
483,건대입구점,서울 광진구,서울시 광진구 아차산로 235 ,02-463-1983
484,가산점,서울 금천구,서울 금천구 가산디지털2로 165 백상스타타워ll  1층 5호,02-862-7940
485,구로디지털단지점,서울 구로구,"서울시 구로구 디지털로31길 12.105호,106호",02-2621-2888
486,서산중앙점,충남 서산시,"충청남도 서산시 중앙로 24, 2층",041-667-0630
487,송도포스코점,인천 연수구,"인천광역시 연수구 해돋이로 107, H동 1호a",032-835-6200
488,양주점,경기 양주시,경기도 양주시 평화로 1407 ,031-868-5779
489,거제수월점,경남 거제시,경상남도 거제시 수양로 448-28 자이APT 상가1동 110호~112호,055-636-7648
490,목포평화점,전남 목포시,"전라남도 목포시 미항로 129 1, 2층",061-285-0365
491,대전롯데점,대전 서구,대전시 서구 용문로 41-80 리베라아이누리 1층 101호yloa,042-528-2155
492,영등포사거리점,서울 영등포구,"서울시 영등포구  영등포로 216-1 영미빌딩 1,2층",02-2632-2231
493,역곡역점,경기 부천시 원미구,경기 부천시 원미구 부일로726번길 5,070-8887-4965
494,청담점,서울 강남구,서울특별시 강남구 학동로 517,02-515-9915
495,가양점,서울 강서구,서울 강서구 양천로 583.우림블루 A동 1층,02-2093-2977
496,안동CGV점,경북 안동시,"경상북도 안동시 경동로 841,안동CGV 3층",070-4924-1666
497,가오CGV점,대전 동구,"대전시 동구 은어송로 72, CGV 4층",042-273-7400
498,진주교대점,경남 진주시,경상남도 진주시 진양호로 348 ,055-745-3303
499,건대점,서울 광진구,"서울시 광진구 광나루로 410, KCC 파크타운 상가 1층 104호y",02-3436-4800
500,종로3가점,서울 종로구,서울특별시 종로구 종로 113 ,02-747-0221
501,마두역점,경기 고양시 일산동구,경기 고양시 일산동구 중앙로 1165 ,070-8866-7558
502,병점역점,경기 화성시,경기도 화성시 병점3로 18 ,031-223-0737
503,원당점,경기 고양시 덕양구,경기 고양시 덕양구 주교동 615,031-964-7785
504,자연사박물관점,서울 서대문구,서울 서대문구 박물관길25 (연희3동 산5-58),02-337-1191
505,여주휴게소(하)점,경기 여주시,경기도 여주군 가남면 본두리 687-1,031-882-3120
506,태평로점,서울 중구,서울시 중구 태평로2가 70-5 해남빌딩 1층,02-755-7795
507,광양중동점,전남 광양시,전라남도 광양시 중동 1758-5,061-795-6600
508,대구동성로점,대구 중구,"대구시 중구 공평동 52-2번지 지하1, 지상1~2층",053-252-6307
509,홍천점,강원 홍천군,강원도 홍천군 홍천읍 신장대리 79-12 1층,033-432-3368
510,부천역점,경기 부천시 원미구,경기도 부천시 원미구 심곡동 176-9,032-613-7847
511,신사역점,서울 서초구,서울시 서초구 잠원동 26-8 1층,02-517-3789
512,광주운암점,광주 북구,"광주광역시 북구 운암동 67번지 벽산블루밍1블럭 1층 5,6호yl",070-4118-1754
513,전주송천점,전북 전주시 덕진구,전라북도 전주시 덕진구 송천동1가 292-7번지 센트럴파크1층y,063-275-3308
514,성동구청점,서울 성동구,서울시 성동구 도선동 70번지,02-2291-5354
515,서산점,충남 서산시,충청남도 서산시 동문동 316-5 1층,041-668-0930
516,부산동래점,부산 동래구,부산광역시 동래구 명륜동 440-1번지 1층,051-552-5535
517,광주첨단점,광주 광산구,광주광역시 광산구 월계동 867-1번지 1층,062-434-0200
518,구리점,경기 구리시,경기 구리시 수택동 370-6 KT전화국 1층l,031-551-8899
519,방이점,서울 송파구,서울시 송파구 방이동 56-1,02-415-7705
520,오리역점,경기 성남시 분당구,경기도 성남시 분당구 구미동 156번지 포스빌 1층,031-782-9933
521,서초점,서울 서초구,서울시 서초구 서초동 1597-1,02-522-8843
522,광주염주스타점,광주 서구,광주시 서구 화정3동 400-28번지 1층,062-371-0015
523,평촌점,경기 ,"경기도 안양시 동안구 관평로170번길 43, 훼미리타운 125호",031-385-3400
524,이천점,경기 이천시,"경기도 이천시 어재연로 35, 1층~3층",031-635-6655
525,스틸랜드점,경기 시흥시,"경기도 시흥시 오이도로 21, SB센터 1층",031-8041-4599
526,전남여수점,전남 여수시,전라남도 여수시 흥국상가길 13 ,061-685-3354
527,광주봉선점,광주 남구,광주광역시 남구 봉선중앙로 21 ,062-651-7888
528,상수역점,서울 마포구,"서울시 마포구 와우산로 48, 로하스타워 1층113호",02-3143-7129
529,대전전민점,대전 유성구,"대전광역시 유성구 전민로22번길 62, 1층",042-389-2831
530,안산NC고잔점,경기 안산시 단원구,"경기도 안산시 단원구 광덕대로 194, NC백화점 1층",031-436-4181
531,이수역점,서울 동작구,"서울시 동작구 동작대로 83 헤라피스 1층,지하1층",02-588-4845
532,동탄점,경기 화성시,"경기도 화성시 동탄중심상가1길 5, 동탄프라자 1,2층",031-8003-9039
533,화양점,서울 광진구,서울시 광진구 능동로 159,02)497-5933
534,서대문역점,서울 서대문구,서울시 서대문구 통일로9안길 28,02)313-0807
535,포이사거리점,서울 서초구,서울시 서초구  논현로19길 5,070-4409-4246
536,문정점,서울 송파구,서울시 송파구 동남로 126 ,02- 403-9003
537,부천중동점,경기 부천시 원미구,"경기 부천시 원미구 소향로 203 , 메트로 팰리스 1차 B동 109, 110호",032-325-6766
538,천호로데오점,서울 강동구,"서울시 강동구 올림픽로70길 61, 두산위브 센티움 103-104호",02-6425-5147
539,순천금당점,전남 순천시,"전남 순천시 장선배기길 19, 1층",061-724-7159
540,노원역점,서울 노원구,"서울시 노원구 노해로 457 ,메가빌딩",02-930-1744
541,방배점,서울 서초구,서울시 서초구 남부순환로 2335 ,02-581-4858
542,남부터미널점,서울 서초구,서울시 서초구 서초중앙로 52  영진빌딩 1층,02-584-9500
543,광주상무점,광주 서구,광주 광역시 서구 상무중앙로 57 ,062-383-4401
544,KBS본관점,서울 영등포구,"서울시 영등포구 의사당대로 38, 포스코 아일랜드 1층",02-2090-7007
545,테크노마트점,서울 광진구,서울시 광진구 강변역로 53 테크노마트 9층,02-3424-8484
546,에벤에셀빌딩점,서울 영등포구,서울시 영등포구 영중로 8-1 ,02-2069-0773
547,돈암점,서울 성북구,서울시 성북구 동소문로20가길 28 ,02-924-6114
548,광주문흥점,광주 북구,"광주시 북구 서하로 373, 호암빌딩1층l",062-265-4931
549,대전청사점,대전 서구,대전시 서구 대덕대로 319 ,042-488-7953
550,동백CGV점,경기 용인시 기흥구,경기 용인시 기흥구 중동 833 쥬네브썬월드 6029호,031-679-0479
551,오창점,충북 청주시 청원구,충청북도 청주시 청원구 오창읍 과학산업2로 363 에비뉴엘상가 105호,043-218-2998
552,산본점,경기 군포시,"경기도 군포시 번영로 505 대우디오플러스 138,139호ylo",031-392-5999
553,분당서현점,경기 성남시 분당구,성남시 분당구 황새울로 315 ,031-781-6254
554,동수원점,경기 수원시 팔달구,경기도 수원시 팔달구 권광로 181 씨네파크 608호,031-239-2554
555,신답사거리점,서울 동대문구,서울시 동대문구 고미술로 12 벽산메가트리움 102-203,02-2247-6076
556,청계1가점,서울 종로구,"서울특별시 종로구 청계천로 65 (1,2,3,4층)",02-739-5077
557,광주충장로점,광주 동구,광주광역시 동구 충장로안길 43 ,062-223-0688
558,구로점,서울 구로구,"서울시 구로구 디지털로34길 55, 코오롱싸이언스밸리 1층",02-2025-0255
559,목포하당점,전남 목포시,전라남도 목포시 비파로51번길 37(상동) ,061-283-9800
560,광화문점,서울 중구,서울시 중구 세종대로21길 55 ,02-738-8004
561,교통회관점,서울 송파구,서울시 송파구 올림픽로 319 교통회관 1층,02-3431-1120
562,마포역점,서울 마포구,서울시 마포구 도화동 555 한화오벨리스크B1 137~9,02-713-8788
563,금천점,서울 금천구,"서울시 금천구 시흥대로 399, 씨티렉스604호",02-805-9908
564,영등포점,서울 영등포구,서울시 영등포구 경인로 847 ,070-4159-8897
565,신촌점,서울 서대문구,서울시 서대문구 연세로 34 ,02-393-2004
566,성남점,경기 성남시 수정구,"경기도 성남시 수정구 수정로 175, 동일빌딩1층",031-721-6369
